-- phpMyAdmin SQL Dump
-- version 5.0.2
-- https://www.phpmyadmin.net/
--
-- Host: 127.0.0.1
-- Tempo de geração: 20-Jul-2020 às 20:49
-- Versão do servidor: 10.4.13-MariaDB
-- versão do PHP: 7.4.7

SET SQL_MODE = "NO_AUTO_VALUE_ON_ZERO";
START TRANSACTION;
SET time_zone = "+00:00";


/*!40101 SET @OLD_CHARACTER_SET_CLIENT=@@CHARACTER_SET_CLIENT */;
/*!40101 SET @OLD_CHARACTER_SET_RESULTS=@@CHARACTER_SET_RESULTS */;
/*!40101 SET @OLD_COLLATION_CONNECTION=@@COLLATION_CONNECTION */;
/*!40101 SET NAMES utf8mb4 */;

--
-- Banco de dados: `projeto_supermercado`
--

-- --------------------------------------------------------

--
-- Estrutura da tabela `cliente`
--

CREATE TABLE `cliente` (
  `id_CLiente` int(11) NOT NULL,
  `nome` varchar(255) NOT NULL,
  `cpf` varchar(255) NOT NULL,
  `telefone` varchar(255) NOT NULL
) ENGINE=InnoDB DEFAULT CHARSET=utf8mb4;

--
-- Extraindo dados da tabela `cliente`
--

INSERT INTO `cliente` (`id_CLiente`, `nome`, `cpf`, `telefone`) VALUES
(1, 'Elijah M. Murphy', '16481209200', '090856302777'),
(2, 'Barbara X. Frederick', '16321007747', '059347979192'),
(3, 'Geoffrey Boyer', '16471005215', '086881079742'),
(4, 'Macy Alvarez', '16671005606', '004766625124'),
(5, 'Wallace Short', '16921019210', '096999931913'),
(6, 'Aurelia Barber', '16120520771', '066010696149'),
(7, 'Scarlet Blevins', '16200325394', '011027166009'),
(8, 'Quinn Holt', '16910425021', '023396612063'),
(9, 'Sebastian Y. Sanchez', '16670123890', '053567109655'),
(10, 'Reuben Hopkins', '16720624128', '041188156074'),
(11, 'Lois G. Dillon', '16911109324', '012879265889'),
(12, 'Judah S. Shields', '16570121979', '044263334681'),
(13, 'Doris Wilder', '16450209987', '068782645097'),
(14, 'Hoyt Bates', '16210903837', '024595292005'),
(15, 'Julian Monroe', '16080318857', '051431136747'),
(16, 'Jaime A. Dickson', '16581124813', '071561466959'),
(17, 'Taylor Allison', '16230221419', '018152638086'),
(18, 'Ignatius Crawford', '16170530895', '001288262513'),
(19, 'Judith W. Taylor', '16460604388', '063547183870'),
(20, 'Walker Aguilar', '16970216826', '099050045814'),
(21, 'Beau G. Bailey', '16250110401', '041559909761'),
(22, 'Tara Hopkins', '16670221449', '045404084127'),
(23, 'Sasha Brock', '16931103570', '061991857954'),
(24, 'Fuller E. Nunez', '16131008673', '005294425813'),
(25, 'Martena E. Freeman', '16160123855', '073051261775'),
(26, 'Edan Salinas', '16320825092', '022215208865'),
(27, 'Baxter J. Burch', '16170628839', '005368140432'),
(28, 'Christopher Nolan', '16540122489', '066103264194'),
(29, 'Sylvester B. Decker', '16361030976', '051130053244'),
(30, 'Basil Harmon', '16850529629', '088424163505'),
(31, 'Kenyon Y. Bush', '16431105783', '012596063973'),
(32, 'Liberty L. Duncan', '16521207304', '045281854589'),
(33, 'August Bolton', '16910102759', '083081544897'),
(34, 'Wing Sharp', '16440527409', '054590581794'),
(35, 'Lucian Albert', '16191122841', '046033732155'),
(36, 'Eric Burt', '16600519374', '072018878152'),
(37, 'Cecilia Santana', '16230802601', '081300702317'),
(38, 'Amity J. Hancock', '16950222180', '027735017347'),
(39, 'Kendall P. Franco', '16060930886', '022129088069'),
(40, 'Chester J. Mullins', '16520703754', '099858980780'),
(41, 'Irene J. Carney', '16270916988', '022628573790'),
(42, 'Athena Carver', '16660422299', '055860699300'),
(43, 'Kane Stout', '16911130845', '013470183448'),
(44, 'Breanna Burgess', '16621128299', '021966554363'),
(45, 'Tanya Melendez', '16011224549', '051228080973'),
(46, 'Demetrius Noel', '16541202143', '039994734946'),
(47, 'Olivia I. Rush', '16021024005', '062152827586'),
(48, 'Steel Reeves', '16230816796', '072094992742'),
(49, 'Acton J. Whitney', '16991012977', '008355219166'),
(50, 'Nero Drake', '16831008938', '068881318104'),
(51, 'Leilani Blevins', '16890222928', '098924520728'),
(52, 'Brody Peck', '16571016524', '085770023238'),
(53, 'Isabella J. Pratt', '16600730325', '071924463170'),
(54, 'Kadeem B. Hunt', '16031004543', '051790515443'),
(55, 'Ima Heath', '16590216580', '055243390649'),
(56, 'Inga Dunlap', '16691121431', '031141686146'),
(57, 'Seth I. Lindsey', '16800807120', '026283623054'),
(58, 'Chastity Elliott', '16370914129', '010608066264'),
(59, 'Ahmed B. Henson', '16831114110', '013221581333'),
(60, 'Sophia P. Bush', '16930720314', '088238978892'),
(61, 'Jocelyn Ortega', '16451029674', '062095651198'),
(62, 'Ira Q. Mcfadden', '16350430826', '033800065449'),
(63, 'Pandora N. Whitfield', '16050922455', '000444471395'),
(64, 'Caesar J. Hart', '16861205832', '017247245915'),
(65, 'Jaime D. Morales', '16980813020', '065424517585'),
(66, 'Gabriel Padilla', '16661108653', '000877039108'),
(67, 'Ori C. Hyde', '16460404547', '045424874335'),
(68, 'Darryl Mcmahon', '16260402974', '056269445092'),
(69, 'Kaitlin Cross', '16520703353', '050053216486'),
(70, 'Elvis I. Robles', '16610512730', '017055258076'),
(71, 'Sonia Edwards', '16970621358', '086995388386'),
(72, 'Aileen I. Orr', '16441029154', '006787814573'),
(73, 'Dorothy Campbell', '16130230107', '035361034132'),
(74, 'Basil Estrada', '16121113273', '048189552751'),
(75, 'Keefe X. Wolf', '16640621073', '081920724904'),
(76, 'Theodore E. Meyer', '16811228545', '022063858666'),
(77, 'Michael Hines', '16960615691', '059782462767'),
(78, 'Cameron E. Pollard', '16710717530', '038674828342'),
(79, 'Ezra Clay', '16880818207', '079557570844'),
(80, 'Candace I. Soto', '16660601572', '009283324777'),
(81, 'Ann Kinney', '16100719791', '077254545687'),
(82, 'Graham Z. Weaver', '16450918068', '073734781335'),
(83, 'Shad E. Phelps', '16920222657', '068251418277'),
(84, 'Shaine B. Blevins', '16520524377', '040945160578'),
(85, 'Aretha Yang', '16791009054', '009469806504'),
(86, 'Jessica Z. Obrien', '16180104592', '087131875771'),
(87, 'Kevin H. Dalton', '16071017569', '022010395803'),
(88, 'Barry H. Figueroa', '16100406137', '038200976326'),
(89, 'Francesca Barnes', '16310305621', '039125982143'),
(90, 'Lucian Mcneil', '16680306135', '081309680509'),
(91, 'Sydnee E. Melton', '16690320903', '036780475843'),
(92, 'Beatrice Hensley', '16010716743', '021289042081'),
(93, 'Kimberly G. Randall', '16340612318', '073777102237'),
(94, 'Quintessa Valencia', '16220114659', '041253033251'),
(95, 'Daquan T. Cox', '16501025168', '005652697183'),
(96, 'Quentin York', '16290823540', '091868852737'),
(97, 'Ronan Rosales', '16740817085', '078261343071'),
(98, 'Angelica Wynn', '16850120915', '073631754512'),
(99, 'Grace U. Aguilar', '16590226936', '007179540410'),
(100, 'Jasper T. Stein', '16180912724', '077052183939');

-- --------------------------------------------------------

--
-- Estrutura da tabela `delivery`
--

CREATE TABLE `delivery` (
  `id` int(11) NOT NULL,
  `id_pedido` int(11) NOT NULL,
  `qtd_produto` int(11) DEFAULT NULL,
  `endereco` varchar(255) DEFAULT NULL,
  `fk_venda` int(11) NOT NULL,
  `fk_produto` int(11) NOT NULL
) ENGINE=InnoDB DEFAULT CHARSET=utf8mb4;

-- --------------------------------------------------------

--
-- Estrutura da tabela `estoque`
--

CREATE TABLE `estoque` (
  `id_estoque` int(11) NOT NULL,
  `qtd_produto` int(11) DEFAULT NULL
) ENGINE=InnoDB DEFAULT CHARSET=utf8mb4;

-- --------------------------------------------------------

--
-- Estrutura da tabela `fornecedor`
--

CREATE TABLE `fornecedor` (
  `id_Fornecedor` int(11) NOT NULL,
  `cnpj` varchar(25) NOT NULL,
  `razao_social` varchar(255) NOT NULL,
  `telefone` varchar(255) NOT NULL
) ENGINE=InnoDB DEFAULT CHARSET=utf8mb4;

--
-- Extraindo dados da tabela `fornecedor`
--

INSERT INTO `fornecedor` (`id_Fornecedor`, `cnpj`, `razao_social`, `telefone`) VALUES
(1, '1661061480599', 'Libero Lacus Ltd', '031413602653'),
(2, '1616051703399', 'Dui Semper Industries', '071514432873'),
(3, '1661091181499', 'Imperdiet Non Vestibulum LLC', '059954905112'),
(4, '1616012904799', 'Sed LLC', '052455423882'),
(5, '1643081159299', 'Cras Vulputate Velit PC', '000531424548'),
(6, '1637011647199', 'Magna Institute', '062691170776'),
(7, '1689021825299', 'Fusce Feugiat Lorem Associates', '066391056373'),
(8, '1624080836899', 'In Lobortis Tellus PC', '030716840914'),
(9, '1622041167999', 'Augue PC', '084486357880'),
(10, '1638122279799', 'Dictum Eu LLP', '081140442399'),
(11, '1653040685299', 'Cras Eget LLP', '092744968939'),
(12, '1601021105099', 'Nec Company', '008573617549'),
(13, '1637100747499', 'Imperdiet Erat LLC', '066473504162'),
(14, '1675010555599', 'Sed Malesuada Industries', '052997338875'),
(15, '1647112785299', 'Tempus Consulting', '078930170369'),
(16, '1688042677999', 'Sit Amet Incorporated', '035100881791'),
(17, '1636120855399', 'Metus Vitae Velit PC', '057652182938'),
(18, '1669110759999', 'In Felis Nulla PC', '075339254729'),
(19, '1619021486999', 'Egestas Ligula Nullam Associates', '077380758876'),
(20, '1698020881099', 'Aenean Inc.', '014369559734'),
(21, '1600060178199', 'Amet Risus Donec Incorporated', '013191327615'),
(22, '1667011292699', 'Aliquam Tincidunt Nunc LLC', '066234959909'),
(23, '1676091692399', 'Varius Ltd', '095756247425'),
(24, '1667100837999', 'Neque Vitae Industries', '038320322257'),
(25, '1617042059599', 'Non PC', '057634493353'),
(26, '1603062507699', 'Sed Consulting', '085800960626'),
(27, '1622011181799', 'Ac Urna Consulting', '036641986307'),
(28, '1629080247499', 'Quis Urna LLC', '093151282939'),
(29, '1610061847099', 'A Feugiat Tellus Industries', '061843092239'),
(30, '1673120513699', 'Nibh Ltd', '049394838399'),
(31, '1671082389899', 'Sapien Aenean Massa Industries', '081502856886'),
(32, '1694022315999', 'Odio Auctor Vitae Incorporated', '002851867851'),
(33, '1683022690999', 'Nisl Nulla Associates', '040171795173'),
(34, '1651022057399', 'Sem Consequat Nec Institute', '054937084864'),
(35, '1692033037299', 'Aliquam Ornare Libero Limited', '072348212754'),
(36, '1621070528099', 'Nisi Consulting', '076852155399'),
(37, '1675051581699', 'Lorem Incorporated', '018197448512'),
(38, '1661072119599', 'Felis Associates', '098698986420'),
(39, '1642013072499', 'Sagittis Placerat Cras Incorporated', '001599970151'),
(40, '1678052396699', 'Ut Pellentesque Inc.', '098896873000'),
(41, '1603041373899', 'Nunc Sed Pede Ltd', '001936411478'),
(42, '1662091632199', 'A Purus Duis Industries', '078603455219'),
(43, '1635071465099', 'In Consulting', '022436156140'),
(44, '1632081381699', 'Augue Porttitor Interdum Ltd', '064597081965'),
(45, '1639042539799', 'Nulla Facilisi Company', '052282440393'),
(46, '1657072102299', 'Ipsum Institute', '018913585678'),
(47, '1686081995399', 'Nec LLP', '018967266321'),
(48, '1612021968299', 'Dui Fusce Corporation', '006596794881'),
(49, '1600033052699', 'Egestas Ligula Nullam Institute', '029449763583'),
(50, '1600071614999', 'Neque Company', '002627586137'),
(51, '1622050308399', 'Mauris PC', '010707773519'),
(52, '1626060728899', 'Eu Tellus Eu Incorporated', '069311664695'),
(53, '1692110153399', 'Convallis Dolor Institute', '085363298560'),
(54, '1604030290899', 'Penatibus Foundation', '061355752658'),
(55, '1603071368099', 'Ligula Donec Luctus Foundation', '085763867475'),
(56, '1683021052599', 'Erat Ltd', '025793650278'),
(57, '1624080636399', 'Mauris Aliquam Company', '011808490285'),
(58, '1636050243099', 'Neque Nullam Corp.', '083264046880'),
(59, '1633092016099', 'Et Company', '085592858068'),
(60, '1679013018299', 'Amet Ante Vivamus Corporation', '067818164685'),
(61, '1644052826599', 'Nulla Dignissim PC', '075340441590'),
(62, '1620122826199', 'Gravida Consulting', '078381855617'),
(63, '1633040292899', 'Ad Litora Industries', '090489142428'),
(64, '1622021885299', 'Consectetuer Euismod Est Foundation', '074174330672'),
(65, '1610082404699', 'Lorem Donec Elementum LLP', '082956767984'),
(66, '1606041653399', 'Eleifend Vitae Erat Incorporated', '076609517789'),
(67, '1653121179199', 'Augue Associates', '008538504999'),
(68, '1695090543799', 'Eget Metus Institute', '005441094988'),
(69, '1676012982899', 'Et Magnis Dis Associates', '072944285566'),
(70, '1615050103099', 'Habitant Morbi Institute', '008753048878'),
(71, '1667112201799', 'Semper Auctor Mauris Foundation', '071897550147'),
(72, '1602090661699', 'Phasellus Elit Pede Inc.', '067690930014'),
(73, '1687032271599', 'Vitae Sodales Nisi Incorporated', '093448173391'),
(74, '1667091403999', 'Justo Ltd', '045658156991'),
(75, '1605050376499', 'Lectus LLC', '008532850258'),
(76, '1694080504099', 'Facilisis Corp.', '056680944416'),
(77, '1632030520599', 'Semper Rutrum Fusce LLP', '028887819071'),
(78, '1619122104699', 'Aliquet Corporation', '088293981705'),
(79, '1651080155799', 'Massa Mauris Vestibulum Ltd', '000993187068'),
(80, '1625012437799', 'Interdum Feugiat Corp.', '005365494871'),
(81, '1696030958599', 'Turpis Vitae Purus Consulting', '055121896477'),
(82, '1638060694699', 'Neque Sed Sem LLC', '058468178329'),
(83, '1635122657299', 'Scelerisque Institute', '056833693538'),
(84, '1655052843699', 'Sed Sapien Institute', '098501400710'),
(85, '1635012970299', 'Vitae Company', '071952473765'),
(86, '1666102907499', 'Massa Integer Foundation', '083803842344'),
(87, '1672012892299', 'Nunc Inc.', '046153756010'),
(88, '1601061918199', 'Aliquam Erat Volutpat Incorporated', '046285228767'),
(89, '1636102651099', 'Donec Tincidunt Donec Foundation', '076640521731'),
(90, '1633022967399', 'Quis Massa Mauris Inc.', '046568097104'),
(91, '1637070566199', 'Massa Vestibulum Accumsan Institute', '038231526994'),
(92, '1617020428699', 'Feugiat Associates', '030641449178'),
(93, '1622012802099', 'Lectus Limited', '060254323537'),
(94, '1683032974499', 'Ipsum Non Institute', '006533510229'),
(95, '1608091539099', 'Non Lorem PC', '024286586595'),
(96, '1690120730399', 'Molestie Associates', '009196379198'),
(97, '1696041994099', 'Vel Vulputate Corp.', '010891241870'),
(98, '1680072150399', 'Donec LLP', '004463363347'),
(99, '1680121309599', 'Non PC', '075524368182'),
(100, '1631062628799', 'Eget Industries', '031535543405'),
(101, '49.971.138/9954-80', 'elit. Nulla', '(46) 97426-8724'),
(102, '85.797.001/4458-17', 'erat neque', '(24) 93729-2639'),
(103, '72.240.101/0463-79', 'sodales nisi', '(23) 98299-4310'),
(104, '84.537.409/0891-55', 'Integer sem', '(64) 90383-2675'),
(105, '58.369.723/6140-86', 'nisi magna', '(34) 90280-6332'),
(106, '38.411.921/0785-12', 'morbi tristique', '(51) 91269-9504'),
(107, '30.423.473/6803-98', 'enim consequat', '(86) 90074-9492'),
(108, '66.924.027/7012-18', 'primis in', '(70) 93310-5024'),
(109, '89.711.635/6934-29', 'a, auctor', '(78) 95076-6152'),
(110, '74.833.813/5930-62', 'nibh vulputate', '(60) 98758-4835'),
(111, '29.024.340/6596-53', 'Integer aliquam', '(57) 97618-1764'),
(112, '90.219.886/7318-24', 'sed pede.', '(60) 92726-0593'),
(113, '92.406.734/4909-72', 'neque vitae', '(57) 91075-5407'),
(114, '65.978.392/7856-46', 'nec, mollis', '(82) 95977-0990'),
(115, '84.701.675/2055-82', 'natoque penatibus', '(96) 91340-7490'),
(116, '15.221.741/9315-81', 'blandit viverra.', '(23) 95727-6423'),
(117, '70.456.419/3304-19', 'Quisque nonummy', '(16) 92584-4942'),
(118, '84.484.039/5779-53', 'eros. Proin', '(70) 91856-8813'),
(119, '98.404.104/7155-56', 'sit amet,', '(83) 95892-4481'),
(120, '79.643.307/6703-58', 'elementum, dui', '(24) 95916-2518'),
(121, '33.773.207/7945-20', 'ante bibendum', '(08) 92394-7463'),
(122, '87.632.179/2241-61', 'et, commodo', '(35) 93830-6002'),
(123, '99.942.210/3093-15', 'arcu. Vivamus', '(55) 93404-2825'),
(124, '10.307.679/8968-59', 'mollis. Integer', '(74) 93097-8909'),
(125, '65.474.259/2030-81', 'sociis natoque', '(36) 91767-8923'),
(126, '91.899.054/6189-02', 'morbi tristique', '(92) 91113-8235'),
(127, '38.252.595/0634-39', 'Donec porttitor', '(86) 97321-1957'),
(128, '83.733.272/5105-85', 'parturient montes,', '(60) 98301-8965'),
(129, '63.135.855/0190-99', 'libero. Morbi', '(21) 93179-8234'),
(130, '31.862.548/6343-53', 'sit amet', '(45) 93060-7645'),
(131, '28.304.990/0922-86', 'auctor, nunc', '(55) 90567-3988'),
(132, '03.871.513/2516-37', 'feugiat placerat', '(87) 93036-8510'),
(133, '73.683.234/8615-84', 'Integer tincidunt', '(76) 97471-5078'),
(134, '65.284.561/4395-23', 'felis, adipiscing', '(78) 96535-6077'),
(135, '23.487.586/2500-48', 'Nullam enim.', '(31) 99841-0575'),
(136, '36.773.221/1468-41', 'aliquet. Phasellus', '(80) 98831-8161'),
(137, '17.433.745/6671-30', 'nibh vulputate', '(11) 94105-6882'),
(138, '87.172.391/5259-87', 'vestibulum massa', '(88) 92021-0754'),
(139, '65.700.705/5086-19', 'orci quis', '(13) 90802-4285'),
(140, '54.397.039/0471-15', 'augue. Sed', '(83) 95647-1790'),
(141, '04.610.138/9823-28', 'dictum. Proin', '(36) 94150-5584'),
(142, '93.033.364/0264-80', 'massa rutrum', '(94) 94598-5854'),
(143, '15.004.565/2956-12', 'laoreet ipsum.', '(10) 92594-5430'),
(144, '22.533.488/9562-29', 'ante. Nunc', '(71) 95717-7347'),
(145, '23.149.055/8202-17', 'quis diam', '(55) 99891-1752'),
(146, '60.376.836/5626-63', 'molestie pharetra', '(01) 99108-0598'),
(147, '64.306.666/5325-50', 'tempus, lorem', '(01) 94170-7902'),
(148, '68.702.756/9244-89', 'tempus scelerisque,', '(53) 97200-5361'),
(149, '45.012.071/0872-93', 'Quisque imperdiet,', '(05) 94612-3408'),
(150, '81.371.105/2613-97', 'tellus eu', '(20) 90490-2262'),
(151, '76.230.619/0358-14', 'sapien. Aenean', '(27) 99653-9891'),
(152, '85.132.152/8382-60', 'sem. Pellentesque', '(89) 99225-1050'),
(153, '12.481.380/6204-79', 'convallis ligula.', '(34) 92997-5293'),
(154, '51.169.366/9982-02', 'urna convallis', '(06) 97504-4464'),
(155, '98.270.503/4540-80', 'quam, elementum', '(70) 98333-8332'),
(156, '81.434.906/4163-69', 'quis diam', '(07) 98862-5281'),
(157, '79.443.017/6954-67', 'Aenean gravida', '(76) 93477-6741'),
(158, '72.263.217/8285-86', 'fringilla cursus', '(40) 99903-6932'),
(159, '13.284.493/2616-75', 'ligula elit,', '(46) 99261-8972'),
(160, '79.621.011/3577-32', 'libero. Integer', '(11) 90957-6760'),
(161, '87.548.694/5678-68', 'interdum ligula', '(13) 99958-1755'),
(162, '80.961.289/8121-29', 'lectus rutrum', '(87) 90840-1836'),
(163, '52.462.658/3741-12', 'magna a', '(64) 90514-7526'),
(164, '81.030.867/5969-27', 'et, rutrum', '(28) 90963-0796'),
(165, '87.324.889/5157-36', 'porttitor tellus', '(67) 98214-8293'),
(166, '57.817.284/7443-39', 'tortor. Nunc', '(32) 91433-8869'),
(167, '80.635.968/1433-28', 'ut dolor', '(27) 92397-0718'),
(168, '04.111.725/3887-32', 'nascetur ridiculus', '(84) 92744-2904'),
(169, '90.799.609/5089-12', 'ipsum non', '(40) 99355-8194'),
(170, '24.987.626/7017-50', 'Vivamus euismod', '(31) 95636-8112'),
(171, '47.285.150/9041-10', 'congue a,', '(65) 98570-7943'),
(172, '46.077.011/1983-41', 'nibh. Donec', '(88) 91828-3648'),
(173, '66.508.791/0029-99', 'at fringilla', '(05) 92229-6355'),
(174, '34.917.326/2158-39', 'molestie in,', '(35) 99609-4936'),
(175, '61.818.494/0787-79', 'adipiscing non,', '(96) 93350-4812'),
(176, '89.004.005/7226-90', 'Fusce aliquet', '(98) 99637-2454'),
(177, '55.992.754/7365-65', 'porttitor eros', '(42) 90629-1395'),
(178, '94.945.051/5252-14', 'mi fringilla', '(20) 90108-6475'),
(179, '44.865.323/7735-07', 'quis, pede.', '(07) 90561-4038'),
(180, '59.690.057/1538-94', 'magnis dis', '(21) 99052-9111'),
(181, '53.266.421/5801-95', 'sem elit,', '(46) 90808-3965'),
(182, '25.151.830/1957-72', 'purus mauris', '(67) 91719-4006'),
(183, '05.251.552/5040-76', 'metus eu', '(39) 98266-3573'),
(184, '91.909.530/0160-59', 'fames ac', '(93) 94639-3537'),
(185, '69.182.104/0930-02', 'eu odio', '(43) 90151-0367'),
(186, '82.051.700/8794-15', 'habitant morbi', '(06) 98518-3427'),
(187, '42.837.415/0692-30', 'egestas. Aliquam', '(99) 90164-6596'),
(188, '63.168.380/9769-51', 'mollis non,', '(43) 92037-5417'),
(189, '73.956.427/4230-26', 'molestie orci', '(94) 94175-9257'),
(190, '72.012.038/8967-76', 'commodo auctor', '(67) 93367-2436'),
(191, '79.783.207/7724-98', 'sem. Pellentesque', '(41) 95530-2987'),
(192, '97.340.109/4534-26', 'adipiscing fringilla,', '(84) 99729-4363'),
(193, '78.212.938/0008-91', 'convallis, ante', '(11) 98507-6353'),
(194, '20.451.654/2874-53', 'tempor bibendum.', '(93) 96270-8416'),
(195, '28.281.544/5577-86', 'Donec tempus,', '(40) 98521-0207'),
(196, '05.869.991/1678-39', 'eu, odio.', '(75) 98774-2138'),
(197, '68.341.735/9745-71', 'a tortor.', '(57) 99521-7163'),
(198, '06.096.729/5964-90', 'sagittis lobortis', '(83) 97076-4117'),
(199, '34.410.989/0974-71', 'mauris a', '(88) 95136-7618'),
(200, '61.599.422/1450-00', 'luctus aliquet', '(73) 98795-5186');

-- --------------------------------------------------------

--
-- Estrutura da tabela `funcionario`
--

CREATE TABLE `funcionario` (
  `id_Func` int(11) NOT NULL,
  `codigo_Func` int(11) NOT NULL,
  `nome_Func` varchar(255) NOT NULL,
  `idade_Func` int(11) NOT NULL,
  `horas_Trabalhadas_Mensais` int(11) NOT NULL
) ENGINE=InnoDB DEFAULT CHARSET=utf8mb4;

--
-- Extraindo dados da tabela `funcionario`
--

INSERT INTO `funcionario` (`id_Func`, `codigo_Func`, `nome_Func`, `idade_Func`, `horas_Trabalhadas_Mensais`) VALUES
(1, 8647, 'Proin vel nisl.', 72, 34),
(2, 6081, 'nisi nibh lacinia', 93, 95),
(3, 598, 'at sem molestie', 33, 80),
(4, 640, 'diam. Sed diam', 40, 75),
(5, 9026, 'Maecenas mi felis,', 49, 66),
(6, 2083, 'cursus in, hendrerit', 24, 7),
(7, 3839, 'ipsum. Suspendisse sagittis.', 77, 40),
(8, 9743, 'Maecenas libero est,', 58, 85),
(9, 3207, 'eleifend non, dapibus', 55, 81),
(10, 9999, 'mauris elit, dictum', 63, 55),
(11, 1694, 'auctor ullamcorper, nisl', 49, 72),
(12, 4876, 'quam a felis', 92, 18),
(13, 4616, 'dui, semper et,', 18, 8),
(14, 4637, 'eros. Proin ultrices.', 91, 59),
(15, 3380, 'Praesent eu nulla', 20, 11),
(16, 9767, 'Nam consequat dolor', 23, 58),
(17, 1528, 'cursus purus. Nullam', 18, 86),
(18, 551, 'semper cursus. Integer', 0, 66),
(19, 6758, 'massa rutrum magna.', 86, 75),
(20, 299, 'leo elementum sem,', 34, 36),
(21, 881, 'Proin eget odio.', 87, 3),
(22, 2592, 'vulputate eu, odio.', 36, 8),
(23, 2998, 'tempor arcu. Vestibulum', 96, 67),
(24, 5560, 'non quam. Pellentesque', 70, 77),
(25, 7492, 'non lorem vitae', 62, 40),
(26, 8121, 'et risus. Quisque', 51, 88),
(27, 6303, 'ipsum. Donec sollicitudin', 99, 45),
(28, 4534, 'a, magna. Lorem', 89, 86),
(29, 7047, 'Nunc quis arcu', 6, 43),
(30, 5185, 'facilisis non, bibendum', 62, 28),
(31, 96, 'ligula. Aliquam erat', 67, 44),
(32, 3427, 'risus. Morbi metus.', 29, 55),
(33, 9591, 'tempus risus. Donec', 25, 12),
(34, 7130, 'Proin vel nisl.', 86, 28),
(35, 4918, 'at, nisi. Cum', 72, 49),
(36, 502, 'arcu imperdiet ullamcorper.', 25, 15),
(37, 2342, 'viverra. Maecenas iaculis', 34, 50),
(38, 8844, 'Vivamus sit amet', 3, 30),
(39, 4011, 'Nam ac nulla.', 91, 28),
(40, 1813, 'ultricies ornare, elit', 36, 23),
(41, 4875, 'blandit enim consequat', 78, 52),
(42, 3517, 'enim, condimentum eget,', 56, 83),
(43, 8119, 'tellus. Aenean egestas', 51, 6),
(44, 5144, 'massa non ante', 51, 98),
(45, 4666, 'nec, malesuada ut,', 48, 9),
(46, 927, 'nec, diam. Duis', 42, 6),
(47, 5775, 'Aliquam vulputate ullamcorper', 90, 61),
(48, 8607, 'neque et nunc.', 97, 16),
(49, 3294, 'egestas, urna justo', 64, 42),
(50, 1948, 'ornare, elit elit', 29, 61),
(51, 1458, 'In mi pede,', 23, 97),
(52, 6384, 'eleifend vitae, erat.', 31, 85),
(53, 7675, 'ultrices posuere cubilia', 32, 96),
(54, 4630, 'id sapien. Cras', 74, 23),
(55, 5062, 'elementum sem, vitae', 25, 2),
(56, 3304, 'pretium aliquet, metus', 24, 89),
(57, 3928, 'lacus. Ut nec', 52, 58),
(58, 1963, 'lacus vestibulum lorem,', 82, 70),
(59, 9996, 'risus. Duis a', 13, 36),
(60, 1453, 'Nunc sollicitudin commodo', 94, 58),
(61, 6101, 'semper et, lacinia', 62, 12),
(62, 3042, 'mi enim, condimentum', 91, 10),
(63, 6127, 'volutpat nunc sit', 24, 10),
(64, 6164, 'cursus, diam at', 58, 24),
(65, 9870, 'diam nunc, ullamcorper', 60, 58),
(66, 4659, 'Etiam vestibulum massa', 30, 15),
(67, 3450, 'vitae risus. Duis', 4, 62),
(68, 7468, 'vitae nibh. Donec', 77, 5),
(69, 5677, 'lorem, auctor quis,', 34, 62),
(70, 1662, 'sit amet lorem', 32, 2),
(71, 3718, 'arcu. Curabitur ut', 31, 59),
(72, 2888, 'in, dolor. Fusce', 88, 34),
(73, 986, 'Curabitur dictum. Phasellus', 99, 77),
(74, 6024, 'tincidunt orci quis', 55, 93),
(75, 3190, 'amet ultricies sem', 42, 91),
(76, 5737, 'ultrices a, auctor', 85, 16),
(77, 9492, 'sem semper erat,', 32, 76),
(78, 8136, 'volutpat ornare, facilisis', 44, 60),
(79, 6438, 'tortor. Integer aliquam', 3, 88),
(80, 1799, 'lectus justo eu', 77, 64),
(81, 7375, 'ullamcorper. Duis at', 4, 4),
(82, 7156, 'per inceptos hymenaeos.', 85, 42),
(83, 2676, 'molestie dapibus ligula.', 91, 51),
(84, 8731, 'lorem, eget mollis', 6, 42),
(85, 5377, 'consectetuer ipsum nunc', 90, 60),
(86, 8873, 'eget lacus. Mauris', 15, 13),
(87, 4036, 'Integer urna. Vivamus', 62, 84),
(88, 2053, 'elit, dictum eu,', 88, 56),
(89, 2150, 'ornare. Fusce mollis.', 67, 22),
(90, 1243, 'sagittis lobortis mauris.', 43, 85),
(91, 3107, 'tortor. Nunc commodo', 72, 87),
(92, 7442, 'Phasellus vitae mauris', 82, 49),
(93, 2, 'ipsum cursus vestibulum.', 98, 67),
(94, 3350, 'Morbi accumsan laoreet', 36, 94),
(95, 7786, 'eu elit. Nulla', 50, 14),
(96, 819, 'ultrices. Vivamus rhoncus.', 67, 50),
(97, 4659, 'quis arcu vel', 95, 63),
(98, 2245, 'Mauris ut quam', 21, 60),
(99, 8818, 'faucibus orci luctus', 13, 69),
(100, 6953, 'tristique pharetra. Quisque', 40, 29);

-- --------------------------------------------------------

--
-- Estrutura da tabela `produto`
--

CREATE TABLE `produto` (
  `id_Produto` int(11) NOT NULL,
  `nome_produto` varchar(255) NOT NULL,
  `descricao` varchar(255) DEFAULT NULL,
  `vencimento_produto` date DEFAULT NULL,
  `estoque_min` int(11) NOT NULL,
  `estoque_max` int(11) NOT NULL,
  `preco_produto` decimal(9,2) DEFAULT NULL,
  `fk_fornecedor` int(11) DEFAULT NULL
) ENGINE=InnoDB DEFAULT CHARSET=utf8mb4;

--
-- Extraindo dados da tabela `produto`
--

INSERT INTO `produto` (`id_Produto`, `nome_produto`, `descricao`, `vencimento_produto`, `estoque_min`, `estoque_max`, `preco_produto`, `fk_fornecedor`) VALUES
(2, 'mi', 'ullamcorper', '2024-12-03', 14, 8, '4.38', 19),
(3, 'semper', 'rhoncus', '2021-10-04', 42, 837, '9.56', 17),
(4, 'tincidunt', 'arcu', '2023-01-06', 14, 981, '2.67', 31),
(5, 'mi', 'ullamcorper', '2024-12-03', 14, 8, '4.38', 19),
(6, 'semper', 'rhoncus', '2021-10-04', 42, 837, '9.56', 17),
(7, 'Cras', 'Donec', '2021-05-09', 64, 292, '6.85', 1),
(8, 'non', 'ornare', '2020-10-05', 14, 693, '2.56', 70),
(9, 'Phasellus', 'nibh', '2021-08-09', 29, 609, '8.10', 27),
(10, 'elit', 'primis', '2020-07-07', 54, 580, '1.11', 89),
(11, 'Donec', 'ut', '2024-08-01', 48, 112, '7.54', 46),
(12, 'cursus', 'non', '2021-10-08', 57, 992, '7.22', 63),
(13, 'urna', 'nulla', '2021-12-06', 29, 521, '4.77', 92),
(14, 'fringilla', 'nibh', '2023-11-02', 47, 168, '5.66', 94),
(15, 'vitae', 'eu', '2021-01-09', 45, 125, '6.67', 29),
(16, 'erat', 'semper', '2024-03-02', 92, 510, '3.61', 38),
(17, 'dolor', 'Morbi', '2019-01-08', 19, 505, '0.58', 12),
(18, 'sagittis', 'dolor', '2022-08-02', 62, 374, '0.84', 86),
(19, 'Integer', 'semper', '2022-05-02', 88, 190, '2.33', 58),
(20, 'euismod', 'eros', '2020-12-04', 68, 950, '1.43', 36),
(21, 'Nullam', 'eget', '2024-01-02', 43, 632, '7.21', 80),
(22, 'fringilla', 'lorem', '2021-05-05', 99, 824, '4.10', 60),
(23, 'convallis', 'cursus', '2022-08-12', 55, 956, '9.44', 78),
(24, 'Nunc', 'dui', '2023-10-12', 25, 959, '9.10', 55),
(25, 'Lorem', 'sem', '2022-08-10', 3, 144, '2.13', 23),
(26, 'consectetuer', 'Nam', '2022-12-02', 37, 372, '0.59', 26),
(27, 'sollicitudin', 'eu', '2022-07-08', 51, 948, '1.67', 19),
(28, 'urna', 'Cras', '2020-06-07', 33, 658, '0.32', 87),
(29, 'at', 'dolor', '2019-04-10', 64, 718, '3.67', 29),
(30, 'nec', 'urna', '2022-09-06', 61, 575, '4.36', 60),
(31, 'turpis', 'Nullam', '2019-01-10', 74, 601, '9.11', 91),
(32, 'Etiam', 'felis', '2022-09-08', 70, 465, '7.71', 11),
(33, 'enim', 'Phasellus', '2022-12-12', 18, 657, '5.95', 77),
(34, 'Donec', 'tempor', '2023-02-11', 47, 79, '6.67', 71),
(35, 'fermentum', 'Sed', '2019-01-12', 21, 71, '5.19', 91),
(36, 'in', 'sapien', '2019-08-08', 72, 733, '5.62', 84),
(37, 'tellus', 'Proin', '2022-03-12', 24, 484, '9.99', 50),
(38, 'ullamcorper', 'Morbi', '2023-03-11', 54, 992, '7.60', 59),
(39, 'Aenean', 'quam', '2021-03-03', 61, 766, '6.86', 77),
(40, 'arcu', 'risus', '2021-03-09', 8, 286, '9.03', 9),
(41, 'vitae', 'enim', '2021-07-02', 43, 744, '0.34', 28),
(42, 'lacinia', 'pharetra', '2023-08-06', 43, 517, '5.39', 93),
(43, 'iaculis', 'cursus', '2021-01-11', 4, 145, '7.75', 47),
(44, 'risus', 'Quisque', '2020-02-09', 28, 292, '0.41', 50),
(45, 'fringilla', 'sit', '2019-08-08', 60, 557, '1.40', 24),
(46, 'nisi', 'malesuada', '2024-05-04', 96, 526, '3.53', 34),
(47, 'tempor', 'luctus', '2023-04-06', 88, 833, '7.29', 63),
(48, 'Pellentesque', 'lacus', '2021-05-09', 30, 748, '8.86', 89),
(49, 'ut', 'eu', '2022-08-02', 65, 982, '8.52', 9),
(50, 'diam', 'egestas', '2021-02-08', 93, 273, '6.04', 36),
(51, 'quis', 'magnis', '2021-09-12', 1, 634, '0.07', 38),
(52, 'ultrices', 'arcu', '2021-02-07', 36, 569, '1.06', 56),
(53, 'consectetuer', 'vitae', '2020-03-12', 28, 207, '0.67', 1),
(54, 'cursus', 'non', '2020-11-02', 74, 175, '5.70', 7),
(55, 'nisi', 'lobortis', '2022-02-03', 78, 959, '3.97', 55),
(56, 'augue', 'faucibus', '2020-03-12', 58, 212, '0.68', 88),
(57, 'ac', 'natoque', '2019-09-10', 14, 221, '9.97', 14),
(58, 'quis', 'ornare', '2023-03-04', 77, 272, '0.84', 37),
(59, 'amet', 'Nam', '2020-07-10', 20, 797, '7.51', 49),
(60, 'in', 'molestie', '2020-05-04', 77, 632, '4.28', 37),
(61, 'in', 'condimentum', '2024-07-06', 51, 191, '7.61', 79),
(62, 'egestas', 'Duis', '2019-12-11', 79, 927, '8.61', 25),
(63, 'ultrices', 'vestibulum', '2020-02-08', 95, 823, '8.21', 12),
(64, 'Mauris', 'Donec', '2019-01-08', 78, 331, '7.63', 72),
(65, 'nulla', 'eu', '2021-02-08', 30, 841, '9.69', 80),
(66, 'ipsum', 'vel', '2024-03-06', 7, 118, '9.95', 31),
(67, 'nunc', 'Integer', '2022-01-11', 59, 875, '0.63', 40),
(68, 'eu', 'feugiat', '2020-08-08', 67, 219, '3.74', 27),
(69, 'et', 'et', '2021-01-10', 14, 713, '0.76', 15),
(70, 'Donec', 'lorem', '2020-01-07', 92, 918, '5.83', 72),
(71, 'ante', 'Pellentesque', '2023-07-05', 58, 995, '0.38', 89),
(72, 'pharetra', 'imperdiet', '2023-09-12', 25, 58, '1.99', 73),
(73, 'senectus', 'vitae', '2023-07-11', 94, 733, '0.47', 93),
(74, 'diam', 'ac', '2020-09-05', 14, 726, '4.21', 24),
(75, 'ac', 'id', '2023-06-10', 91, 655, '3.96', 67),
(76, 'a', 'arcu', '2024-08-05', 42, 730, '6.21', 25),
(77, 'sem', 'ipsum', '2020-07-10', 47, 855, '9.84', 79),
(78, 'Vivamus', 'non', '2022-07-06', 15, 744, '0.98', 92),
(79, 'augue', 'eu', '2022-08-10', 23, 657, '7.84', 39),
(80, 'sagittis', 'tempor', '2022-09-02', 65, 133, '2.68', 76),
(81, 'ultricies', 'nunc', '2024-07-05', 64, 414, '0.74', 87),
(82, 'varius', 'faucibus', '2023-04-05', 22, 302, '0.80', 85),
(83, 'erat', 'lacus', '2021-11-04', 8, 843, '6.45', 52),
(84, 'Nullam', 'mi', '2020-10-06', 27, 469, '7.65', 22),
(85, 'magna', 'enim', '2024-01-03', 62, 931, '9.29', 78),
(86, 'interdum', 'mauris', '2022-04-05', 80, 622, '5.30', 43),
(87, 'purus', 'Cras', '2023-04-01', 87, 202, '5.50', 86),
(88, 'nulla', 'Mauris', '2023-01-11', 27, 850, '1.32', 75),
(89, 'Nunc', 'lorem', '2023-03-10', 97, 571, '2.17', 8),
(90, 'Integer', 'nulla', '2022-04-07', 57, 484, '2.97', 1),
(91, 'dui', 'tortor', '2020-03-12', 19, 489, '2.33', 92),
(92, 'ut', 'Suspendisse', '2023-03-10', 25, 29, '5.51', 78),
(93, 'commodo', 'dictum', '2024-02-06', 17, 741, '2.07', 14),
(94, 'arcu', 'adipiscing', '2020-01-05', 11, 858, '7.63', 28),
(95, 'ut', 'Suspendisse', '2023-03-10', 25, 29, '5.51', 78),
(96, 'dictum', 'porttitor', '2020-01-12', 60, 574, '9.04', 19),
(97, 'natoque', 'eleifend', '2021-01-03', 43, 595, '8.30', 30),
(98, 'eget', 'Nulla', '2021-07-12', 68, 372, '9.64', 30),
(99, 'tristique', 'Sed', '2024-01-02', 80, 141, '6.96', 96),
(100, 'nunc', 'placerat', '2022-01-10', 61, 409, '8.93', 44),
(101, 'cursus', 'est', '2020-09-04', 0, 172, '0.53', 90),
(102, 'suscipit', 'lacus', '2023-06-03', 6, 175, '1.19', 37),
(103, 'facilisi', 'justo', '2024-02-03', 31, 407, '7.62', 48);

-- --------------------------------------------------------

--
-- Estrutura da tabela `produto_vendido`
--

CREATE TABLE `produto_vendido` (
  `id` int(11) NOT NULL,
  `qtd_vendido` int(11) NOT NULL,
  `fk_produto` int(11) NOT NULL,
  `fk_reg_venda` int(11) NOT NULL
) ENGINE=InnoDB DEFAULT CHARSET=utf8mb4;

--
-- Extraindo dados da tabela `produto_vendido`
--

INSERT INTO `produto_vendido` (`id`, `qtd_vendido`, `fk_produto`, `fk_reg_venda`) VALUES
(51, 863, 17, 80),
(52, 154, 59, 76),
(53, 176, 64, 67),
(54, 964, 73, 74),
(55, 427, 57, 22),
(56, 670, 53, 31),
(57, 971, 62, 87),
(58, 282, 93, 59),
(59, 932, 53, 40),
(60, 715, 77, 70),
(71, 913, 12, 71),
(72, 804, 30, 62),
(73, 710, 28, 22),
(74, 204, 48, 71),
(75, 681, 91, 43),
(76, 213, 55, 94),
(77, 980, 73, 82),
(78, 27, 46, 73),
(79, 576, 40, 84),
(80, 674, 90, 87),
(81, 767, 83, 88),
(82, 139, 23, 95),
(83, 859, 39, 94),
(84, 470, 45, 37),
(85, 435, 82, 38),
(86, 340, 64, 79),
(87, 275, 22, 66),
(88, 872, 35, 88),
(89, 997, 25, 98),
(90, 272, 40, 58),
(141, 231, 69, 50),
(142, 678, 15, 32),
(143, 668, 58, 46),
(144, 540, 13, 31),
(145, 295, 40, 50),
(146, 944, 16, 28),
(147, 53, 18, 91),
(148, 33, 34, 86),
(149, 553, 3, 40),
(150, 844, 16, 101),
(151, 564, 57, 60),
(152, 3, 53, 94),
(153, 129, 98, 45),
(154, 884, 43, 67),
(155, 80, 91, 27),
(156, 531, 90, 51),
(157, 389, 71, 33),
(158, 453, 5, 43),
(159, 893, 80, 90),
(160, 243, 99, 85),
(191, 84, 63, 29),
(192, 203, 28, 51),
(193, 603, 32, 52),
(194, 673, 24, 30),
(195, 91, 11, 40),
(196, 311, 64, 25),
(197, 606, 16, 55),
(198, 154, 5, 35),
(199, 372, 89, 101),
(200, 30, 66, 86),
(201, 594, 70, 96),
(202, 121, 84, 57),
(203, 337, 61, 58),
(204, 81, 18, 41),
(205, 455, 30, 48),
(206, 923, 63, 37),
(207, 847, 4, 108),
(208, 335, 79, 24),
(209, 628, 52, 87),
(210, 706, 78, 47),
(211, 684, 2, 93),
(212, 220, 13, 40),
(213, 651, 7, 84),
(214, 732, 17, 49),
(215, 981, 10, 86),
(216, 576, 20, 90),
(217, 740, 64, 81),
(218, 516, 71, 43),
(219, 822, 81, 102),
(220, 804, 80, 26),
(231, 742, 23, 67),
(232, 862, 87, 79),
(233, 908, 28, 47),
(234, 147, 14, 72),
(235, 262, 34, 105),
(236, 663, 63, 71),
(237, 700, 76, 97),
(238, 916, 11, 26),
(239, 299, 21, 72),
(240, 134, 81, 88),
(241, 97, 77, 79),
(242, 616, 27, 91),
(243, 866, 37, 48),
(244, 222, 21, 28),
(245, 44, 36, 62),
(246, 753, 5, 53),
(247, 939, 25, 31),
(248, 549, 89, 52),
(249, 424, 3, 27),
(250, 723, 93, 48);

-- --------------------------------------------------------

--
-- Estrutura da tabela `registro_venda`
--

CREATE TABLE `registro_venda` (
  `id_registro` int(11) NOT NULL,
  `valor_total` decimal(9,2) NOT NULL,
  `data_saida` date NOT NULL,
  `fk_cliente` int(11) NOT NULL,
  `fk_func` int(11) NOT NULL
) ENGINE=InnoDB DEFAULT CHARSET=utf8mb4;

--
-- Extraindo dados da tabela `registro_venda`
--

INSERT INTO `registro_venda` (`id_registro`, `valor_total`, `data_saida`, `fk_cliente`, `fk_func`) VALUES
(21, '82.17', '2021-07-28', 68, 70),
(22, '91.40', '2022-05-17', 27, 45),
(23, '81.06', '2021-12-18', 59, 80),
(24, '28.87', '2020-01-20', 98, 61),
(25, '63.55', '2020-02-11', 10, 43),
(26, '51.45', '2022-03-06', 18, 50),
(27, '6.38', '2022-03-01', 20, 73),
(28, '20.50', '2021-11-23', 77, 39),
(29, '31.92', '2020-10-22', 23, 26),
(30, '78.62', '2020-10-17', 79, 64),
(31, '52.55', '2021-06-04', 56, 99),
(32, '16.80', '2021-05-07', 96, 81),
(33, '87.62', '2020-09-11', 51, 90),
(34, '64.19', '2020-12-10', 10, 64),
(35, '94.03', '2021-05-06', 6, 74),
(36, '64.59', '2020-07-10', 27, 13),
(37, '18.02', '2020-04-19', 32, 62),
(38, '81.20', '2021-09-22', 47, 26),
(39, '58.57', '2022-04-04', 64, 30),
(40, '3.64', '2022-03-08', 4, 68),
(41, '61.28', '2022-06-01', 4, 48),
(42, '82.58', '2020-11-24', 11, 95),
(43, '74.42', '2020-07-04', 16, 13),
(44, '51.84', '2022-02-28', 67, 29),
(45, '92.73', '2021-06-16', 2, 62),
(46, '62.67', '2019-08-01', 49, 8),
(47, '3.37', '2021-04-17', 66, 22),
(48, '32.68', '2019-07-20', 2, 89),
(49, '69.20', '2019-10-22', 20, 46),
(50, '58.90', '2019-11-16', 15, 18),
(51, '9.95', '2020-05-04', 74, 16),
(52, '3.17', '2021-06-08', 71, 1),
(53, '11.00', '2022-05-03', 53, 66),
(54, '68.22', '2020-08-15', 19, 32),
(55, '51.07', '2022-02-20', 19, 9),
(56, '28.96', '2020-10-26', 18, 33),
(57, '16.56', '2021-06-29', 3, 12),
(58, '63.24', '2019-10-28', 14, 34),
(59, '33.98', '2021-11-12', 99, 94),
(60, '65.86', '2020-05-05', 79, 71),
(61, '27.75', '2020-04-22', 82, 4),
(62, '9.97', '2020-10-06', 64, 63),
(63, '36.97', '2022-07-28', 86, 16),
(64, '79.52', '2021-01-06', 27, 97),
(65, '12.29', '2021-04-05', 24, 7),
(66, '45.69', '2021-07-28', 73, 38),
(67, '66.86', '2022-06-13', 69, 59),
(68, '72.63', '2019-12-21', 66, 84),
(69, '7.41', '2020-10-30', 47, 51),
(70, '46.38', '2021-12-10', 31, 22),
(71, '75.71', '2019-12-06', 71, 44),
(72, '56.21', '2021-04-18', 78, 50),
(73, '21.57', '2020-10-28', 92, 85),
(74, '28.53', '2020-06-18', 29, 46),
(75, '77.84', '2019-10-04', 6, 43),
(76, '78.16', '2022-04-10', 99, 57),
(77, '98.61', '2021-12-26', 53, 61),
(78, '69.74', '2022-03-06', 13, 4),
(79, '2.35', '2020-08-19', 95, 80),
(80, '44.50', '2020-04-19', 56, 96),
(81, '40.02', '2019-10-14', 92, 59),
(82, '36.97', '2021-11-13', 69, 7),
(83, '19.19', '2019-12-22', 97, 76),
(84, '68.22', '2019-08-23', 23, 88),
(85, '46.56', '2020-09-15', 35, 42),
(86, '48.47', '2021-05-07', 92, 53),
(87, '15.08', '2019-11-12', 92, 21),
(88, '59.46', '2020-04-12', 91, 75),
(89, '51.70', '2020-09-04', 89, 13),
(90, '65.95', '2020-01-24', 26, 99),
(91, '23.73', '2021-12-20', 30, 61),
(92, '44.22', '2022-07-19', 21, 2),
(93, '86.69', '2021-07-15', 85, 18),
(94, '48.72', '2019-08-20', 25, 86),
(95, '28.68', '2022-02-03', 49, 46),
(96, '10.68', '2020-11-23', 80, 76),
(97, '24.79', '2022-06-24', 10, 75),
(98, '98.78', '2019-10-03', 94, 56),
(99, '55.02', '2019-08-04', 60, 49),
(100, '99.83', '2022-06-12', 44, 67),
(101, '23.60', '2021-09-11', 11, 41),
(102, '37.39', '2021-04-09', 76, 52),
(103, '18.24', '2021-07-04', 32, 76),
(104, '64.09', '2020-01-05', 8, 58),
(105, '45.61', '2020-09-28', 9, 26),
(106, '96.29', '2019-10-12', 4, 48),
(107, '87.45', '2019-09-15', 79, 28),
(108, '82.94', '2021-03-04', 24, 23),
(109, '25.44', '2020-04-11', 61, 90),
(110, '93.13', '2021-01-28', 34, 79),
(111, '48.96', '2020-05-02', 3, 3),
(112, '8.11', '2020-03-25', 43, 54),
(113, '6.19', '2021-03-04', 30, 68),
(114, '96.77', '2020-05-26', 70, 6),
(115, '63.92', '2020-12-04', 21, 64),
(116, '66.36', '2019-11-11', 68, 74),
(117, '90.89', '2021-08-22', 25, 24),
(118, '70.52', '2021-04-03', 28, 82),
(119, '1.16', '2021-12-11', 49, 61),
(120, '19.92', '2020-08-18', 53, 25);

--
-- Índices para tabelas despejadas
--

--
-- Índices para tabela `cliente`
--
ALTER TABLE `cliente`
  ADD PRIMARY KEY (`id_CLiente`);

--
-- Índices para tabela `delivery`
--
ALTER TABLE `delivery`
  ADD PRIMARY KEY (`id`),
  ADD KEY `fk_venda` (`fk_venda`),
  ADD KEY `fk_produto` (`fk_produto`);

--
-- Índices para tabela `estoque`
--
ALTER TABLE `estoque`
  ADD PRIMARY KEY (`id_estoque`),
  ADD KEY `qtd_produto` (`qtd_produto`);

--
-- Índices para tabela `fornecedor`
--
ALTER TABLE `fornecedor`
  ADD PRIMARY KEY (`id_Fornecedor`);

--
-- Índices para tabela `funcionario`
--
ALTER TABLE `funcionario`
  ADD PRIMARY KEY (`id_Func`);

--
-- Índices para tabela `produto`
--
ALTER TABLE `produto`
  ADD PRIMARY KEY (`id_Produto`),
  ADD KEY `fk_fornecedor` (`fk_fornecedor`);

--
-- Índices para tabela `produto_vendido`
--
ALTER TABLE `produto_vendido`
  ADD PRIMARY KEY (`id`),
  ADD KEY `fk_produto` (`fk_produto`),
  ADD KEY `fk_reg_venda` (`fk_reg_venda`);

--
-- Índices para tabela `registro_venda`
--
ALTER TABLE `registro_venda`
  ADD PRIMARY KEY (`id_registro`),
  ADD KEY `fk_cliente` (`fk_cliente`),
  ADD KEY `fk_func` (`fk_func`);

--
-- AUTO_INCREMENT de tabelas despejadas
--

--
-- AUTO_INCREMENT de tabela `cliente`
--
ALTER TABLE `cliente`
  MODIFY `id_CLiente` int(11) NOT NULL AUTO_INCREMENT, AUTO_INCREMENT=101;

--
-- AUTO_INCREMENT de tabela `delivery`
--
ALTER TABLE `delivery`
  MODIFY `id` int(11) NOT NULL AUTO_INCREMENT;

--
-- AUTO_INCREMENT de tabela `estoque`
--
ALTER TABLE `estoque`
  MODIFY `id_estoque` int(11) NOT NULL AUTO_INCREMENT;

--
-- AUTO_INCREMENT de tabela `fornecedor`
--
ALTER TABLE `fornecedor`
  MODIFY `id_Fornecedor` int(11) NOT NULL AUTO_INCREMENT, AUTO_INCREMENT=201;

--
-- AUTO_INCREMENT de tabela `funcionario`
--
ALTER TABLE `funcionario`
  MODIFY `id_Func` int(11) NOT NULL AUTO_INCREMENT, AUTO_INCREMENT=101;

--
-- AUTO_INCREMENT de tabela `produto`
--
ALTER TABLE `produto`
  MODIFY `id_Produto` int(11) NOT NULL AUTO_INCREMENT, AUTO_INCREMENT=104;

--
-- AUTO_INCREMENT de tabela `produto_vendido`
--
ALTER TABLE `produto_vendido`
  MODIFY `id` int(11) NOT NULL AUTO_INCREMENT, AUTO_INCREMENT=251;

--
-- AUTO_INCREMENT de tabela `registro_venda`
--
ALTER TABLE `registro_venda`
  MODIFY `id_registro` int(11) NOT NULL AUTO_INCREMENT, AUTO_INCREMENT=121;

--
-- Restrições para despejos de tabelas
--

--
-- Limitadores para a tabela `delivery`
--
ALTER TABLE `delivery`
  ADD CONSTRAINT `delivery_ibfk_1` FOREIGN KEY (`fk_venda`) REFERENCES `registro_venda` (`id_registro`),
  ADD CONSTRAINT `delivery_ibfk_2` FOREIGN KEY (`fk_produto`) REFERENCES `produto` (`id_Produto`);

--
-- Limitadores para a tabela `estoque`
--
ALTER TABLE `estoque`
  ADD CONSTRAINT `estoque_ibfk_1` FOREIGN KEY (`qtd_produto`) REFERENCES `produto` (`id_Produto`);

--
-- Limitadores para a tabela `produto`
--
ALTER TABLE `produto`
  ADD CONSTRAINT `produto_ibfk_1` FOREIGN KEY (`fk_fornecedor`) REFERENCES `fornecedor` (`id_Fornecedor`);

--
-- Limitadores para a tabela `produto_vendido`
--
ALTER TABLE `produto_vendido`
  ADD CONSTRAINT `produto_vendido_ibfk_1` FOREIGN KEY (`fk_produto`) REFERENCES `produto` (`id_Produto`),
  ADD CONSTRAINT `produto_vendido_ibfk_2` FOREIGN KEY (`fk_reg_venda`) REFERENCES `registro_venda` (`id_registro`);

--
-- Limitadores para a tabela `registro_venda`
--
ALTER TABLE `registro_venda`
  ADD CONSTRAINT `registro_venda_ibfk_1` FOREIGN KEY (`fk_cliente`) REFERENCES `cliente` (`id_CLiente`),
  ADD CONSTRAINT `registro_venda_ibfk_2` FOREIGN KEY (`fk_func`) REFERENCES `funcionario` (`id_Func`);
COMMIT;

/*!40101 SET CHARACTER_SET_CLIENT=@OLD_CHARACTER_SET_CLIENT */;
/*!40101 SET CHARACTER_SET_RESULTS=@OLD_CHARACTER_SET_RESULTS */;
/*!40101 SET COLLATION_CONNECTION=@OLD_COLLATION_CONNECTION */;
